{
  "count": 7,
  "value": [
    {
      "id": 135,
      "rev": 8,
      "fields": {
        "System.AreaPath": "AVD Proof of Concept for Contoso",
        "System.TeamProject": "AVD Proof of Concept for Contoso",
        "System.IterationPath": "AVD Proof of Concept for Contoso",
        "System.WorkItemType": "Epic",
        "System.State": "New",
        "System.Reason": "New",
        "System.CreatedDate": "2021-03-23T08:39:09.15Z",
        "System.CreatedBy": "Bernhard Frank <bfrank@microsoft.com>",
        "System.ChangedDate": "2021-04-06T09:59:37.087Z",
        "System.ChangedBy": "Bernhard Frank <bfrank@microsoft.com>",
        "System.Title": "E0: Welcome and introduction to this project.",
        "Microsoft.VSTS.Scheduling.Effort": 0.0,
        "System.Description": "<div><div style=\"box-sizing:border-box;\"><b style=\"box-sizing:border-box;\">Our intention</b><span>&nbsp;</span>or mission statement:</div><div style=\"box-sizing:border-box;\"><i style=\"box-sizing:border-box;\"><b><span style=\"box-sizing:border-box;display:inline !important;\">Guide a partner through a Windows Virtual Desktop (WVD) Proof of Concept (PoC) b</span>y applying Cloud Adoption Framework (<span style=\"box-sizing:border-box;\">CAF) principles.&nbsp;</span></b></i></div><div style=\"box-sizing:border-box;\"><br style=\"box-sizing:border-box;\"></div><div style=\"box-sizing:border-box;\">Thus we want to help you:</div><div style=\"box-sizing:border-box;\"><ul style=\"box-sizing:border-box;padding:0px 0px 0px 40px;\"><li style=\"box-sizing:border-box;\">Asking the right questions at the right time.</li><li style=\"box-sizing:border-box;\">Give you sample templates (excel sheets, questionaires, images, code artefacts) and a home for them.</li><li style=\"box-sizing:border-box;\">Structure work so it can be done in a repetitive way + speed up deployments</li><li style=\"box-sizing:border-box;\">Meet customer expectations.</li></ul></div></div>",
        "System.AssignedTo": null,
        "Microsoft.VSTS.Scheduling.RemainingWork": 0.0,
        "Microsoft.VSTS.Common.Priority": 2.0,
        "System.BoardLane": null,
        "System.Tags": null,
        "Microsoft.VSTS.TCM.Steps": null,
        "Microsoft.VSTS.TCM.Parameters": null,
        "Microsoft.VSTS.TCM.LocalDataSource": null,
        "Microsoft.VSTS.TCM.AutomationStatus": null,
        "System.History": null
      },
      "relations": [
        {
          "rel": "System.LinkTypes.Hierarchy-Forward",
          "url": "https://dev.azure.com/bfrank0815/_apis/wit/workItems/146",
          "attributes": {
            "isLocked": "false",
            "name": "Child"
          }
        },
        {
          "rel": "System.LinkTypes.Hierarchy-Forward",
          "url": "https://dev.azure.com/bfrank0815/_apis/wit/workItems/508",
          "attributes": {
            "isLocked": "false",
            "name": "Child"
          }
        },
        {
          "rel": "System.LinkTypes.Hierarchy-Forward",
          "url": "https://dev.azure.com/bfrank0815/_apis/wit/workItems/136",
          "attributes": {
            "isLocked": "false",
            "name": "Child"
          }
        }
      ],
      "url": "https://dev.azure.com/bfrank0815/_apis/wit/workItems/135"
    },
    {
      "id": 130,
      "rev": 9,
      "fields": {
        "System.AreaPath": "AVD Proof of Concept for Contoso",
        "System.TeamProject": "AVD Proof of Concept for Contoso",
        "System.IterationPath": "AVD Proof of Concept for Contoso",
        "System.WorkItemType": "Epic",
        "System.State": "New",
        "System.Reason": "New",
        "System.CreatedDate": "2021-03-23T08:33:29.31Z",
        "System.CreatedBy": "Bernhard Frank <bfrank@microsoft.com>",
        "System.ChangedDate": "2021-08-10T10:39:16.45Z",
        "System.ChangedBy": "Bernhard Frank <bfrank@microsoft.com>",
        "System.Title": "E1: Strategy/Plan",
        "Microsoft.VSTS.Scheduling.Effort": 0.0,
        "System.Description": "<div><span style=\"display:inline !important;\">Milestone 1: Assess and Review</span><br></div>",
        "System.AssignedTo": null,
        "Microsoft.VSTS.Scheduling.RemainingWork": 0.0,
        "Microsoft.VSTS.Common.Priority": 2.0,
        "System.BoardLane": null,
        "System.Tags": "Plan",
        "Microsoft.VSTS.TCM.Steps": null,
        "Microsoft.VSTS.TCM.Parameters": null,
        "Microsoft.VSTS.TCM.LocalDataSource": null,
        "Microsoft.VSTS.TCM.AutomationStatus": null,
        "System.History": null
      },
      "relations": [
        {
          "rel": "System.LinkTypes.Hierarchy-Forward",
          "url": "https://dev.azure.com/bfrank0815/_apis/wit/workItems/63",
          "attributes": {
            "isLocked": "false",
            "name": "Child"
          }
        },
        {
          "rel": "System.LinkTypes.Hierarchy-Forward",
          "url": "https://dev.azure.com/bfrank0815/_apis/wit/workItems/64",
          "attributes": {
            "isLocked": "false",
            "name": "Child"
          }
        },
        {
          "rel": "System.LinkTypes.Hierarchy-Forward",
          "url": "https://dev.azure.com/bfrank0815/_apis/wit/workItems/139",
          "attributes": {
            "isLocked": "false",
            "name": "Child"
          }
        },
        {
          "rel": "ArtifactLink",
          "url": "vstfs:///Git/Commit/099fed43-4b53-4b10-80d3-f746fd039eac%2fc00d56f3-90ce-47fb-9012-e07abc2b63d9%2f2e820df801d7f6682d250ecc7b477d1c4fb10196",
          "attributes": {
            "authorizedDate": "2021-06-10T07:07:35.907Z",
            "id": "8196717",
            "resourceCreatedDate": "2021-06-10T07:07:35.907Z",
            "resourceModifiedDate": "2021-06-10T07:07:35.907Z",
            "revisedDate": "9999-01-01T00:00:00Z",
            "name": "Fixed in Commit"
          }
        }
      ],
      "url": "https://dev.azure.com/bfrank0815/_apis/wit/workItems/130"
    },
    {
      "id": 131,
      "rev": 8,
      "fields": {
        "System.AreaPath": "AVD Proof of Concept for Contoso",
        "System.TeamProject": "AVD Proof of Concept for Contoso",
        "System.IterationPath": "AVD Proof of Concept for Contoso",
        "System.WorkItemType": "Epic",
        "System.State": "New",
        "System.Reason": "New",
        "System.CreatedDate": "2021-03-23T08:34:07.17Z",
        "System.CreatedBy": "Bernhard Frank <bfrank@microsoft.com>",
        "System.ChangedDate": "2021-08-10T10:38:58.967Z",
        "System.ChangedBy": "Bernhard Frank <bfrank@microsoft.com>",
        "System.Title": "E2: Ready - Landing Zone",
        "Microsoft.VSTS.Scheduling.Effort": 0.0,
        "System.Description": "<div><span style=\"display:inline !important;\">Milestone 2: Ready - Landing zone</span><br></div>",
        "System.AssignedTo": null,
        "Microsoft.VSTS.Scheduling.RemainingWork": 0.0,
        "Microsoft.VSTS.Common.Priority": 2.0,
        "System.BoardLane": null,
        "System.Tags": "Ready",
        "Microsoft.VSTS.TCM.Steps": null,
        "Microsoft.VSTS.TCM.Parameters": null,
        "Microsoft.VSTS.TCM.LocalDataSource": null,
        "Microsoft.VSTS.TCM.AutomationStatus": null,
        "System.History": null
      },
      "relations": [
        {
          "rel": "System.LinkTypes.Hierarchy-Forward",
          "url": "https://dev.azure.com/bfrank0815/_apis/wit/workItems/60",
          "attributes": {
            "isLocked": "false",
            "name": "Child"
          }
        },
        {
          "rel": "System.LinkTypes.Hierarchy-Forward",
          "url": "https://dev.azure.com/bfrank0815/_apis/wit/workItems/59",
          "attributes": {
            "isLocked": "false",
            "name": "Child"
          }
        },
        {
          "rel": "ArtifactLink",
          "url": "vstfs:///Git/Commit/099fed43-4b53-4b10-80d3-f746fd039eac%2fc00d56f3-90ce-47fb-9012-e07abc2b63d9%2f00fa0d8fb33d7881c7319820337e743d4a50854a",
          "attributes": {
            "authorizedDate": "2021-06-10T07:07:35.3Z",
            "id": "8196711",
            "resourceCreatedDate": "2021-06-10T07:07:35.3Z",
            "resourceModifiedDate": "2021-06-10T07:07:35.3Z",
            "revisedDate": "9999-01-01T00:00:00Z",
            "name": "Fixed in Commit"
          }
        }
      ],
      "url": "https://dev.azure.com/bfrank0815/_apis/wit/workItems/131"
    },
    {
      "id": 132,
      "rev": 9,
      "fields": {
        "System.AreaPath": "AVD Proof of Concept for Contoso",
        "System.TeamProject": "AVD Proof of Concept for Contoso",
        "System.IterationPath": "AVD Proof of Concept for Contoso",
        "System.WorkItemType": "Epic",
        "System.State": "New",
        "System.Reason": "New",
        "System.CreatedDate": "2021-03-23T08:34:41.79Z",
        "System.CreatedBy": "Bernhard Frank <bfrank@microsoft.com>",
        "System.ChangedDate": "2021-08-10T10:38:51.27Z",
        "System.ChangedBy": "Bernhard Frank <bfrank@microsoft.com>",
        "System.Title": "E3: Adopt - Windows Virtual Desktop",
        "Microsoft.VSTS.Scheduling.Effort": 0.0,
        "System.Description": "<div><div style=\"box-sizing:border-box;\">Milestone 3: Adopt - Windows Virtual Desktop&nbsp;</div><div style=\"box-sizing:border-box;\"><br style=\"box-sizing:border-box;\"></div><div style=\"box-sizing:border-box;\"><a href=\"https://docs.microsoft.com/en-us/azure/architecture/example-scenario/wvd/windows-virtual-desktop?WT.mc_id=devops_userstory_service_wvd-inproduct-devopsportal\" style=\"box-sizing:border-box;text-decoration:underline;cursor:pointer;\">https://docs.microsoft.com/en-us/azure/architecture/example-scenario/wvd/windows-virtual-desktop?WT.mc_id=devops_userstory_service_wvd-inproduct-devopsportal</a>&nbsp;</div><br></div>",
        "System.AssignedTo": null,
        "Microsoft.VSTS.Scheduling.RemainingWork": 0.0,
        "Microsoft.VSTS.Common.Priority": 2.0,
        "System.BoardLane": null,
        "System.Tags": "Adopt",
        "Microsoft.VSTS.TCM.Steps": null,
        "Microsoft.VSTS.TCM.Parameters": null,
        "Microsoft.VSTS.TCM.LocalDataSource": null,
        "Microsoft.VSTS.TCM.AutomationStatus": null,
        "System.History": null
      },
      "relations": [
        {
          "rel": "System.LinkTypes.Hierarchy-Forward",
          "url": "https://dev.azure.com/bfrank0815/_apis/wit/workItems/112",
          "attributes": {
            "isLocked": "false",
            "name": "Child"
          }
        },
        {
          "rel": "System.LinkTypes.Hierarchy-Forward",
          "url": "https://dev.azure.com/bfrank0815/_apis/wit/workItems/58",
          "attributes": {
            "isLocked": "false",
            "name": "Child"
          }
        }
      ],
      "url": "https://dev.azure.com/bfrank0815/_apis/wit/workItems/132"
    },
    {
      "id": 133,
      "rev": 7,
      "fields": {
        "System.AreaPath": "AVD Proof of Concept for Contoso",
        "System.TeamProject": "AVD Proof of Concept for Contoso",
        "System.IterationPath": "AVD Proof of Concept for Contoso",
        "System.WorkItemType": "Epic",
        "System.State": "New",
        "System.Reason": "New",
        "System.CreatedDate": "2021-03-23T08:35:32.52Z",
        "System.CreatedBy": "Bernhard Frank <bfrank@microsoft.com>",
        "System.ChangedDate": "2021-08-10T10:38:41.19Z",
        "System.ChangedBy": "Bernhard Frank <bfrank@microsoft.com>",
        "System.Title": "E2+: Govern - Windows Virtual Desktop",
        "Microsoft.VSTS.Scheduling.Effort": 0.0,
        "System.Description": "<div><span style=\"display:inline !important;\">Milestone 4: Govern - Windows Virtual Desktop</span><br></div>",
        "System.AssignedTo": null,
        "Microsoft.VSTS.Scheduling.RemainingWork": 0.0,
        "Microsoft.VSTS.Common.Priority": 2.0,
        "System.BoardLane": null,
        "System.Tags": "Govern",
        "Microsoft.VSTS.TCM.Steps": null,
        "Microsoft.VSTS.TCM.Parameters": null,
        "Microsoft.VSTS.TCM.LocalDataSource": null,
        "Microsoft.VSTS.TCM.AutomationStatus": null,
        "System.History": null
      },
      "relations": [
        {
          "rel": "System.LinkTypes.Hierarchy-Forward",
          "url": "https://dev.azure.com/bfrank0815/_apis/wit/workItems/605",
          "attributes": {
            "isLocked": "false",
            "name": "Child"
          }
        }
      ],
      "url": "https://dev.azure.com/bfrank0815/_apis/wit/workItems/133"
    },
    {
      "id": 134,
      "rev": 7,
      "fields": {
        "System.AreaPath": "AVD Proof of Concept for Contoso",
        "System.TeamProject": "AVD Proof of Concept for Contoso",
        "System.IterationPath": "AVD Proof of Concept for Contoso",
        "System.WorkItemType": "Epic",
        "System.State": "New",
        "System.Reason": "New",
        "System.CreatedDate": "2021-03-23T08:35:56.293Z",
        "System.CreatedBy": "Bernhard Frank <bfrank@microsoft.com>",
        "System.ChangedDate": "2021-08-10T10:39:55.15Z",
        "System.ChangedBy": "Bernhard Frank <bfrank@microsoft.com>",
        "System.Title": "E2+: Manage - Windows Virtual Desktop",
        "Microsoft.VSTS.Scheduling.Effort": 0.0,
        "System.Description": "<div><span style=\"color:rgb(23, 23, 23);font-family:&quot;Segoe UI&quot;, sans-serif;font-size:13.3333px;text-align:justify;display:inline !important;\">Milestone 5: Managing&nbsp;the ongoing operation of the digital assets that deliver business outcomes is a key to this process. Unless, we have a plan to manage the operations, the efforts put in planning, readiness and adoption will yield little value. The following details will help develop the business approach to provide cloud management.</span><br></div>",
        "System.AssignedTo": null,
        "Microsoft.VSTS.Scheduling.RemainingWork": 0.0,
        "Microsoft.VSTS.Common.Priority": 2.0,
        "System.BoardLane": null,
        "System.Tags": "Manage",
        "Microsoft.VSTS.TCM.Steps": null,
        "Microsoft.VSTS.TCM.Parameters": null,
        "Microsoft.VSTS.TCM.LocalDataSource": null,
        "Microsoft.VSTS.TCM.AutomationStatus": null,
        "System.History": null
      },
      "relations": [
        {
          "rel": "System.LinkTypes.Hierarchy-Forward",
          "url": "https://dev.azure.com/bfrank0815/_apis/wit/workItems/615",
          "attributes": {
            "isLocked": "false",
            "name": "Child"
          }
        },
        {
          "rel": "System.LinkTypes.Hierarchy-Forward",
          "url": "https://dev.azure.com/bfrank0815/_apis/wit/workItems/616",
          "attributes": {
            "isLocked": "false",
            "name": "Child"
          }
        },
        {
          "rel": "System.LinkTypes.Hierarchy-Forward",
          "url": "https://dev.azure.com/bfrank0815/_apis/wit/workItems/619",
          "attributes": {
            "isLocked": "false",
            "name": "Child"
          }
        },
        {
          "rel": "System.LinkTypes.Hierarchy-Forward",
          "url": "https://dev.azure.com/bfrank0815/_apis/wit/workItems/618",
          "attributes": {
            "isLocked": "false",
            "name": "Child"
          }
        },
        {
          "rel": "System.LinkTypes.Hierarchy-Forward",
          "url": "https://dev.azure.com/bfrank0815/_apis/wit/workItems/617",
          "attributes": {
            "isLocked": "false",
            "name": "Child"
          }
        }
      ],
      "url": "https://dev.azure.com/bfrank0815/_apis/wit/workItems/134"
    },
    {
      "id": 140,
      "rev": 3,
      "fields": {
        "System.AreaPath": "AVD Proof of Concept for Contoso",
        "System.TeamProject": "AVD Proof of Concept for Contoso",
        "System.IterationPath": "$ProjectName$\\Iteration 1",
        "System.WorkItemType": "Epic",
        "System.State": "New",
        "System.Reason": "New",
        "System.CreatedDate": "2021-04-06T07:22:43.993Z",
        "System.CreatedBy": "Bernhard Frank <bfrank@microsoft.com>",
        "System.ChangedDate": "2021-04-06T07:22:48.173Z",
        "System.ChangedBy": "Bernhard Frank <bfrank@microsoft.com>",
        "System.Title": "E4: Closing PoC",
        "Microsoft.VSTS.Scheduling.Effort": 0.0,
        "System.Description": null,
        "System.AssignedTo": null,
        "Microsoft.VSTS.Scheduling.RemainingWork": 0.0,
        "Microsoft.VSTS.Common.Priority": 2.0,
        "System.BoardLane": null,
        "System.Tags": null,
        "Microsoft.VSTS.TCM.Steps": null,
        "Microsoft.VSTS.TCM.Parameters": null,
        "Microsoft.VSTS.TCM.LocalDataSource": null,
        "Microsoft.VSTS.TCM.AutomationStatus": null,
        "System.History": null
      },
      "relations": [
        {
          "rel": "System.LinkTypes.Hierarchy-Forward",
          "url": "https://dev.azure.com/bfrank0815/_apis/wit/workItems/142",
          "attributes": {
            "isLocked": "false",
            "name": "Child"
          }
        },
        {
          "rel": "System.LinkTypes.Hierarchy-Forward",
          "url": "https://dev.azure.com/bfrank0815/_apis/wit/workItems/141",
          "attributes": {
            "isLocked": "false",
            "name": "Child"
          }
        },
        {
          "rel": "System.LinkTypes.Hierarchy-Forward",
          "url": "https://dev.azure.com/bfrank0815/_apis/wit/workItems/602",
          "attributes": {
            "isLocked": "false",
            "name": "Child"
          }
        }
      ],
      "url": "https://dev.azure.com/bfrank0815/_apis/wit/workItems/140"
    }
  ],
  "HttpStatusCode": 0,
  "Message": null
}