{
  "count": 16,
  "value": [
    {
      "id": 58,
      "rev": 7,
      "fields": {
        "System.AreaPath": "AVD Proof of Concept for Contoso",
        "System.TeamProject": "AVD Proof of Concept for Contoso",
        "System.IterationPath": "AVD Proof of Concept for Contoso",
        "System.WorkItemType": "Feature",
        "System.State": "New",
        "System.Reason": "New",
        "System.CreatedDate": "2021-03-12T12:38:02.273Z",
        "System.CreatedBy": "Bernhard Frank <bfrank@microsoft.com>",
        "System.ChangedDate": "2021-08-11T07:47:54.06Z",
        "System.ChangedBy": "Bernhard Frank <bfrank@microsoft.com>",
        "System.Title": "Deploy Azure Virtual Desktop in Microsoft Azure",
        "Microsoft.VSTS.Scheduling.Effort": 0.0,
        "System.Description": "<div>Review your options for:&nbsp;</div><div>&nbsp;*  Creating pooled or personal virtual machines&nbsp;</div><div>&nbsp;*  Choosing images, including the Windows images available in the Azure gallery&nbsp;</div><div>&nbsp;*  Using domain-joined user accounts versus service identities.&nbsp;\n</div><div><br></div><div><a href=\"https://docs.microsoft.com/en-us/azure/virtual-desktop/create-host-pools-azure-marketplace?WT.mc_id=devops_userstory_service_wvd-inproduct-devopsportal\">https://docs.microsoft.com/en-us/azure/virtual-desktop/create-host-pools-azure-marketplace?WT.mc_id=devops_userstory_service_wvd-inproduct-devopsportal</a>&nbsp;</div>",
        "System.AssignedTo": null,
        "Microsoft.VSTS.Scheduling.RemainingWork": 0.0,
        "Microsoft.VSTS.Common.Priority": 2.0,
        "System.BoardLane": null,
        "System.Tags": "Adopt",
        "Microsoft.VSTS.TCM.Steps": null,
        "Microsoft.VSTS.TCM.Parameters": null,
        "Microsoft.VSTS.TCM.LocalDataSource": null,
        "Microsoft.VSTS.TCM.AutomationStatus": null,
        "System.History": null
      },
      "relations": [
        {
          "rel": "System.LinkTypes.Hierarchy-Forward",
          "url": "https://dev.azure.com/bfrank0815/_apis/wit/workItems/114",
          "attributes": {
            "isLocked": "false",
            "comment": "Making a new link for the dependency",
            "name": "Child"
          }
        },
        {
          "rel": "System.LinkTypes.Hierarchy-Forward",
          "url": "https://dev.azure.com/bfrank0815/_apis/wit/workItems/111",
          "attributes": {
            "isLocked": "false",
            "comment": "Making a new link for the dependency",
            "name": "Child"
          }
        },
        {
          "rel": "System.LinkTypes.Hierarchy-Reverse",
          "url": "https://dev.azure.com/bfrank0815/_apis/wit/workItems/132",
          "attributes": {
            "isLocked": "false",
            "name": "Parent"
          }
        },
        {
          "rel": "System.LinkTypes.Hierarchy-Forward",
          "url": "https://dev.azure.com/bfrank0815/_apis/wit/workItems/636",
          "attributes": {
            "isLocked": "false",
            "name": "Child"
          }
        },
        {
          "rel": "System.LinkTypes.Hierarchy-Forward",
          "url": "https://dev.azure.com/bfrank0815/_apis/wit/workItems/643",
          "attributes": {
            "isLocked": "false",
            "name": "Child"
          }
        },
        {
          "rel": "System.LinkTypes.Hierarchy-Forward",
          "url": "https://dev.azure.com/bfrank0815/_apis/wit/workItems/113",
          "attributes": {
            "isLocked": "false",
            "comment": "Making a new link for the dependency",
            "name": "Child"
          }
        },
        {
          "rel": "ArtifactLink",
          "url": "vstfs:///Git/Commit/099fed43-4b53-4b10-80d3-f746fd039eac%2fc00d56f3-90ce-47fb-9012-e07abc2b63d9%2f361eae7d8b2b89a7fb9ee2aeba7c0a1f66c88cee",
          "attributes": {
            "authorizedDate": "2021-06-10T07:07:35.907Z",
            "id": "8196719",
            "resourceCreatedDate": "2021-06-10T07:07:35.907Z",
            "resourceModifiedDate": "2021-06-10T07:07:35.907Z",
            "revisedDate": "9999-01-01T00:00:00Z",
            "name": "Fixed in Commit"
          }
        }
      ],
      "url": "https://dev.azure.com/bfrank0815/_apis/wit/workItems/58"
    },
    {
      "id": 59,
      "rev": 6,
      "fields": {
        "System.AreaPath": "AVD Proof of Concept for Contoso",
        "System.TeamProject": "AVD Proof of Concept for Contoso",
        "System.IterationPath": "AVD Proof of Concept for Contoso",
        "System.WorkItemType": "Feature",
        "System.State": "New",
        "System.Reason": "New",
        "System.CreatedDate": "2021-03-12T12:38:02.9Z",
        "System.CreatedBy": "Bernhard Frank <bfrank@microsoft.com>",
        "System.ChangedDate": "2021-08-11T07:47:51.267Z",
        "System.ChangedBy": "Bernhard Frank <bfrank@microsoft.com>",
        "System.Title": "Windows 10 Image Customization and Deployment",
        "Microsoft.VSTS.Scheduling.Effort": 0.0,
        "System.Description": "<div>Create a custom image. In Azure, we create VM to install our business apps. With the help of custom image, we can create multiple session hosts. Below are some of the approaches to create custom images:&nbsp;</div><div>&nbsp;*  Managed image&nbsp;</div><div>&nbsp;*  Shared Image Gallery&nbsp;</div><div>&nbsp;*  VHD in a storage account&nbsp;\n</div><div><br></div><div><a href=\"https://docs.microsoft.com/en-us/azure/virtual-desktop/set-up-customize-master-image?WT.mc_id=devops_userstory_service_wvd-inproduct-devopsportal\">https://docs.microsoft.com/en-us/azure/virtual-desktop/set-up-customize-master-image?WT.mc_id=devops_userstory_service_wvd-inproduct-devopsportal</a>&nbsp;</div>",
        "System.AssignedTo": null,
        "Microsoft.VSTS.Scheduling.RemainingWork": 0.0,
        "Microsoft.VSTS.Common.Priority": 2.0,
        "System.BoardLane": null,
        "System.Tags": "Ready",
        "Microsoft.VSTS.TCM.Steps": null,
        "Microsoft.VSTS.TCM.Parameters": null,
        "Microsoft.VSTS.TCM.LocalDataSource": null,
        "Microsoft.VSTS.TCM.AutomationStatus": null,
        "System.History": null
      },
      "relations": [
        {
          "rel": "System.LinkTypes.Hierarchy-Forward",
          "url": "https://dev.azure.com/bfrank0815/_apis/wit/workItems/116",
          "attributes": {
            "isLocked": "false",
            "comment": "Making a new link for the dependency",
            "name": "Child"
          }
        },
        {
          "rel": "System.LinkTypes.Hierarchy-Reverse",
          "url": "https://dev.azure.com/bfrank0815/_apis/wit/workItems/131",
          "attributes": {
            "isLocked": "false",
            "name": "Parent"
          }
        }
      ],
      "url": "https://dev.azure.com/bfrank0815/_apis/wit/workItems/59"
    },
    {
      "id": 60,
      "rev": 8,
      "fields": {
        "System.AreaPath": "AVD Proof of Concept for Contoso",
        "System.TeamProject": "AVD Proof of Concept for Contoso",
        "System.IterationPath": "AVD Proof of Concept for Contoso",
        "System.WorkItemType": "Feature",
        "System.State": "New",
        "System.Reason": "New",
        "System.CreatedDate": "2021-03-12T12:38:03.59Z",
        "System.CreatedBy": "Bernhard Frank <bfrank@microsoft.com>",
        "System.ChangedDate": "2021-08-11T07:47:48.547Z",
        "System.ChangedBy": "Bernhard Frank <bfrank@microsoft.com>",
        "System.Title": "Configure Azure landing zone for domain (Greenfield)",
        "Microsoft.VSTS.Scheduling.Effort": 0.0,
        "System.Description": "Configure Azure landing zone for domain (Greenfield)",
        "System.AssignedTo": null,
        "Microsoft.VSTS.Scheduling.RemainingWork": 0.0,
        "Microsoft.VSTS.Common.Priority": 2.0,
        "System.BoardLane": null,
        "System.Tags": "Ready",
        "Microsoft.VSTS.TCM.Steps": null,
        "Microsoft.VSTS.TCM.Parameters": null,
        "Microsoft.VSTS.TCM.LocalDataSource": null,
        "Microsoft.VSTS.TCM.AutomationStatus": null,
        "System.History": null
      },
      "relations": [
        {
          "rel": "System.LinkTypes.Hierarchy-Forward",
          "url": "https://dev.azure.com/bfrank0815/_apis/wit/workItems/117",
          "attributes": {
            "isLocked": "false",
            "comment": "Making a new link for the dependency",
            "name": "Child"
          }
        },
        {
          "rel": "System.LinkTypes.Hierarchy-Forward",
          "url": "https://dev.azure.com/bfrank0815/_apis/wit/workItems/635",
          "attributes": {
            "isLocked": "false",
            "name": "Child"
          }
        },
        {
          "rel": "System.LinkTypes.Hierarchy-Forward",
          "url": "https://dev.azure.com/bfrank0815/_apis/wit/workItems/638",
          "attributes": {
            "isLocked": "false",
            "name": "Child"
          }
        },
        {
          "rel": "System.LinkTypes.Hierarchy-Reverse",
          "url": "https://dev.azure.com/bfrank0815/_apis/wit/workItems/131",
          "attributes": {
            "isLocked": "false",
            "name": "Parent"
          }
        },
        {
          "rel": "System.LinkTypes.Hierarchy-Forward",
          "url": "https://dev.azure.com/bfrank0815/_apis/wit/workItems/101",
          "attributes": {
            "isLocked": "false",
            "comment": "Making a new link for the dependency",
            "name": "Child"
          }
        }
      ],
      "url": "https://dev.azure.com/bfrank0815/_apis/wit/workItems/60"
    },
    {
      "id": 63,
      "rev": 5,
      "fields": {
        "System.AreaPath": "AVD Proof of Concept for Contoso",
        "System.TeamProject": "AVD Proof of Concept for Contoso",
        "System.IterationPath": "AVD Proof of Concept for Contoso",
        "System.WorkItemType": "Feature",
        "System.State": "New",
        "System.Reason": "New",
        "System.CreatedDate": "2021-03-12T12:38:04.863Z",
        "System.CreatedBy": "Bernhard Frank <bfrank@microsoft.com>",
        "System.ChangedDate": "2021-08-06T13:37:17.577Z",
        "System.ChangedBy": "Bernhard Frank <bfrank@microsoft.com>",
        "System.Title": "Assess the Digital landscape for current infrastructure",
        "Microsoft.VSTS.Scheduling.Effort": 0.0,
        "System.Description": "During this phase assess the environment readiness",
        "System.AssignedTo": null,
        "Microsoft.VSTS.Scheduling.RemainingWork": 0.0,
        "Microsoft.VSTS.Common.Priority": 2.0,
        "System.BoardLane": null,
        "System.Tags": "Plan",
        "Microsoft.VSTS.TCM.Steps": null,
        "Microsoft.VSTS.TCM.Parameters": null,
        "Microsoft.VSTS.TCM.LocalDataSource": null,
        "Microsoft.VSTS.TCM.AutomationStatus": null,
        "System.History": null
      },
      "relations": [
        {
          "rel": "System.LinkTypes.Hierarchy-Reverse",
          "url": "https://dev.azure.com/bfrank0815/_apis/wit/workItems/130",
          "attributes": {
            "isLocked": "false",
            "name": "Parent"
          }
        },
        {
          "rel": "System.LinkTypes.Hierarchy-Forward",
          "url": "https://dev.azure.com/bfrank0815/_apis/wit/workItems/127",
          "attributes": {
            "isLocked": "false",
            "comment": "Making a new link for the dependency",
            "name": "Child"
          }
        },
        {
          "rel": "System.LinkTypes.Hierarchy-Forward",
          "url": "https://dev.azure.com/bfrank0815/_apis/wit/workItems/126",
          "attributes": {
            "isLocked": "false",
            "comment": "Making a new link for the dependency",
            "name": "Child"
          }
        },
        {
          "rel": "System.LinkTypes.Hierarchy-Forward",
          "url": "https://dev.azure.com/bfrank0815/_apis/wit/workItems/124",
          "attributes": {
            "isLocked": "false",
            "comment": "Making a new link for the dependency",
            "name": "Child"
          }
        },
        {
          "rel": "System.LinkTypes.Hierarchy-Forward",
          "url": "https://dev.azure.com/bfrank0815/_apis/wit/workItems/107",
          "attributes": {
            "isLocked": "false",
            "comment": "Making a new link for the dependency",
            "name": "Child"
          }
        },
        {
          "rel": "System.LinkTypes.Hierarchy-Forward",
          "url": "https://dev.azure.com/bfrank0815/_apis/wit/workItems/108",
          "attributes": {
            "isLocked": "false",
            "comment": "Making a new link for the dependency",
            "name": "Child"
          }
        },
        {
          "rel": "System.LinkTypes.Hierarchy-Forward",
          "url": "https://dev.azure.com/bfrank0815/_apis/wit/workItems/106",
          "attributes": {
            "isLocked": "false",
            "comment": "Making a new link for the dependency",
            "name": "Child"
          }
        },
        {
          "rel": "System.LinkTypes.Hierarchy-Forward",
          "url": "https://dev.azure.com/bfrank0815/_apis/wit/workItems/125",
          "attributes": {
            "isLocked": "false",
            "comment": "Making a new link for the dependency",
            "name": "Child"
          }
        }
      ],
      "url": "https://dev.azure.com/bfrank0815/_apis/wit/workItems/63"
    },
    {
      "id": 64,
      "rev": 7,
      "fields": {
        "System.AreaPath": "AVD Proof of Concept for Contoso",
        "System.TeamProject": "AVD Proof of Concept for Contoso",
        "System.IterationPath": "AVD Proof of Concept for Contoso",
        "System.WorkItemType": "Feature",
        "System.State": "New",
        "System.Reason": "New",
        "System.CreatedDate": "2021-03-12T12:38:05.417Z",
        "System.CreatedBy": "Bernhard Frank <bfrank@microsoft.com>",
        "System.ChangedDate": "2021-08-06T13:37:17.577Z",
        "System.ChangedBy": "Bernhard Frank <bfrank@microsoft.com>",
        "System.Title": "(optional) Skilling Plan",
        "Microsoft.VSTS.Scheduling.Effort": 0.0,
        "System.Description": "<div>Address skilling needs through self-paced learning and tutorials.</div>",
        "System.AssignedTo": null,
        "Microsoft.VSTS.Scheduling.RemainingWork": 0.0,
        "Microsoft.VSTS.Common.Priority": 2.0,
        "System.BoardLane": null,
        "System.Tags": "Plan",
        "Microsoft.VSTS.TCM.Steps": null,
        "Microsoft.VSTS.TCM.Parameters": null,
        "Microsoft.VSTS.TCM.LocalDataSource": null,
        "Microsoft.VSTS.TCM.AutomationStatus": null,
        "System.History": null
      },
      "relations": [
        {
          "rel": "System.LinkTypes.Hierarchy-Forward",
          "url": "https://dev.azure.com/bfrank0815/_apis/wit/workItems/631",
          "attributes": {
            "isLocked": "false",
            "name": "Child"
          }
        },
        {
          "rel": "System.LinkTypes.Hierarchy-Forward",
          "url": "https://dev.azure.com/bfrank0815/_apis/wit/workItems/150",
          "attributes": {
            "isLocked": "false",
            "name": "Child"
          }
        },
        {
          "rel": "System.LinkTypes.Hierarchy-Reverse",
          "url": "https://dev.azure.com/bfrank0815/_apis/wit/workItems/130",
          "attributes": {
            "isLocked": "false",
            "name": "Parent"
          }
        },
        {
          "rel": "System.LinkTypes.Hierarchy-Forward",
          "url": "https://dev.azure.com/bfrank0815/_apis/wit/workItems/128",
          "attributes": {
            "isLocked": "false",
            "comment": "Making a new link for the dependency",
            "name": "Child"
          }
        },
        {
          "rel": "ArtifactLink",
          "url": "vstfs:///Git/Commit/099fed43-4b53-4b10-80d3-f746fd039eac%2fc00d56f3-90ce-47fb-9012-e07abc2b63d9%2fa8d4e33a8f9d5a820029f227369e2588b6f413d3",
          "attributes": {
            "authorizedDate": "2021-06-10T07:07:37.223Z",
            "id": "8196736",
            "resourceCreatedDate": "2021-06-10T07:07:37.223Z",
            "resourceModifiedDate": "2021-06-10T07:07:37.223Z",
            "revisedDate": "9999-01-01T00:00:00Z",
            "name": "Fixed in Commit"
          }
        },
        {
          "rel": "ArtifactLink",
          "url": "vstfs:///Git/Commit/099fed43-4b53-4b10-80d3-f746fd039eac%2fc00d56f3-90ce-47fb-9012-e07abc2b63d9%2f655fca52bfe844982f007012ea1f62462295eacc",
          "attributes": {
            "authorizedDate": "2021-06-10T07:07:36.41Z",
            "id": "8196723",
            "resourceCreatedDate": "2021-06-10T07:07:36.41Z",
            "resourceModifiedDate": "2021-06-10T07:07:36.41Z",
            "revisedDate": "9999-01-01T00:00:00Z",
            "name": "Fixed in Commit"
          }
        }
      ],
      "url": "https://dev.azure.com/bfrank0815/_apis/wit/workItems/64"
    },
    {
      "id": 112,
      "rev": 6,
      "fields": {
        "System.AreaPath": "AVD Proof of Concept for Contoso",
        "System.TeamProject": "AVD Proof of Concept for Contoso",
        "System.IterationPath": "AVD Proof of Concept for Contoso",
        "System.WorkItemType": "Feature",
        "System.State": "New",
        "System.Reason": "New",
        "System.CreatedDate": "2021-03-12T12:38:29.333Z",
        "System.CreatedBy": "Bernhard Frank <bfrank@microsoft.com>",
        "System.ChangedDate": "2021-08-11T07:47:56.513Z",
        "System.ChangedBy": "Bernhard Frank <bfrank@microsoft.com>",
        "System.Title": "Configure FS Logix container  to store user profiles",
        "Microsoft.VSTS.Scheduling.Effort": 0.0,
        "System.Description": "<div><span style=\"color:rgb(23, 23, 23);font-family:&quot;Segoe UI&quot;, SegoeUI, &quot;Helvetica Neue&quot;, Helvetica, Arial, sans-serif;font-size:16px;display:inline !important;\">The Windows Virtual Desktop service offers FSLogix profile containers as the recommended user profile solution.</span><br></div><div><span style=\"color:rgb(23, 23, 23);font-family:&quot;Segoe UI&quot;, SegoeUI, &quot;Helvetica Neue&quot;, Helvetica, Arial, sans-serif;font-size:16px;display:inline !important;\"><br></span></div><div><span style=\"color:rgb(23, 23, 23);font-family:&quot;Segoe UI&quot;, SegoeUI, &quot;Helvetica Neue&quot;, Helvetica, Arial, sans-serif;font-size:16px;display:inline !important;\">FSLogix profile configuration for WVD options:</span></div><div><font color=\"#171717\" face=\"Segoe UI, SegoeUI, Helvetica Neue, Helvetica, Arial, sans-serif\"><span style=\"font-size:16px;\"><ol start=1 type=1 style=\"margin-bottom:0in;\">\n <li style=\"margin:0in 0in 8pt;font-size:11pt;font-family:Calibri, sans-serif;color:black;background:white;\"><span style=\"font-size:12.0pt;font-family:&quot;Segoe UI&quot;,sans-serif;color:#171717;\"><a href=\"https://docs.microsoft.com/en-us/azure/virtual-desktop/create-host-pools-user-profile\">VM\n     based file share</a></span><span style=\"font-size:10.5pt;font-family:&quot;Segoe UI&quot;,sans-serif;\"></span></li>\n <li style=\"margin:0in 0in 8pt;font-size:11pt;font-family:Calibri, sans-serif;color:black;background:white;\"><span style=\"font-size:12.0pt;font-family:&quot;Segoe UI&quot;,sans-serif;color:#171717;\"><a href=\"https://docs.microsoft.com/en-us/azure/virtual-desktop/create-fslogix-profile-container\">NetApp\n     Files</a></span><span style=\"font-size:10.5pt;font-family:&quot;Segoe UI&quot;,sans-serif;\"></span></li>\n <li style=\"margin:0in 0in 8pt;font-size:11pt;font-family:Calibri, sans-serif;color:black;background:white;\"><span style=\"font-size:12.0pt;font-family:&quot;Segoe UI&quot;,sans-serif;color:#171717;\"><a href=\"https://docs.microsoft.com/en-us/azure/virtual-desktop/create-profile-container-adds\">Azure\n     Files and Azure AD</a></span><span style=\"font-size:10.5pt;font-family:&quot;Segoe UI&quot;,sans-serif;\"></span></li>\n <li style=\"margin:0in 0in 8pt;font-size:11pt;font-family:Calibri, sans-serif;color:black;background:white;\"><span style=\"font-size:12.0pt;font-family:&quot;Segoe UI&quot;,sans-serif;color:#171717;\"><a href=\"https://docs.microsoft.com/en-us/azure/virtual-desktop/create-file-share\">Azure\n     Files and ADDS</a></span><span style=\"font-size:10.5pt;font-family:&quot;Segoe UI&quot;,sans-serif;\"></span></li></ol><br></span></font></div>",
        "System.AssignedTo": null,
        "Microsoft.VSTS.Scheduling.RemainingWork": 0.0,
        "Microsoft.VSTS.Common.Priority": 2.0,
        "System.BoardLane": null,
        "System.Tags": "Adopt",
        "Microsoft.VSTS.TCM.Steps": null,
        "Microsoft.VSTS.TCM.Parameters": null,
        "Microsoft.VSTS.TCM.LocalDataSource": null,
        "Microsoft.VSTS.TCM.AutomationStatus": null,
        "System.History": null
      },
      "relations": [
        {
          "rel": "System.LinkTypes.Hierarchy-Forward",
          "url": "https://dev.azure.com/bfrank0815/_apis/wit/workItems/637",
          "attributes": {
            "isLocked": "false",
            "name": "Child"
          }
        },
        {
          "rel": "System.LinkTypes.Hierarchy-Forward",
          "url": "https://dev.azure.com/bfrank0815/_apis/wit/workItems/645",
          "attributes": {
            "isLocked": "false",
            "name": "Child"
          }
        },
        {
          "rel": "System.LinkTypes.Hierarchy-Forward",
          "url": "https://dev.azure.com/bfrank0815/_apis/wit/workItems/84",
          "attributes": {
            "isLocked": "false",
            "comment": "Making a new link for the dependency",
            "name": "Child"
          }
        },
        {
          "rel": "System.LinkTypes.Hierarchy-Forward",
          "url": "https://dev.azure.com/bfrank0815/_apis/wit/workItems/644",
          "attributes": {
            "isLocked": "false",
            "name": "Child"
          }
        },
        {
          "rel": "System.LinkTypes.Hierarchy-Reverse",
          "url": "https://dev.azure.com/bfrank0815/_apis/wit/workItems/132",
          "attributes": {
            "isLocked": "false",
            "name": "Parent"
          }
        },
        {
          "rel": "System.LinkTypes.Hierarchy-Forward",
          "url": "https://dev.azure.com/bfrank0815/_apis/wit/workItems/166",
          "attributes": {
            "isLocked": "false",
            "name": "Child"
          }
        },
        {
          "rel": "System.LinkTypes.Hierarchy-Forward",
          "url": "https://dev.azure.com/bfrank0815/_apis/wit/workItems/167",
          "attributes": {
            "isLocked": "false",
            "name": "Child"
          }
        }
      ],
      "url": "https://dev.azure.com/bfrank0815/_apis/wit/workItems/112"
    },
    {
      "id": 139,
      "rev": 4,
      "fields": {
        "System.AreaPath": "AVD Proof of Concept for Contoso",
        "System.TeamProject": "AVD Proof of Concept for Contoso",
        "System.IterationPath": "AVD Proof of Concept for Contoso",
        "System.WorkItemType": "Feature",
        "System.State": "New",
        "System.Reason": "New",
        "System.CreatedDate": "2021-04-06T07:21:43.927Z",
        "System.CreatedBy": "Bernhard Frank <bfrank@microsoft.com>",
        "System.ChangedDate": "2021-08-06T13:37:17.577Z",
        "System.ChangedBy": "Bernhard Frank <bfrank@microsoft.com>",
        "System.Title": "Definition of Done / Letter of Intent / Scope / Outcome Document",
        "Microsoft.VSTS.Scheduling.Effort": 0.0,
        "System.Description": null,
        "System.AssignedTo": null,
        "Microsoft.VSTS.Scheduling.RemainingWork": 0.0,
        "Microsoft.VSTS.Common.Priority": 2.0,
        "System.BoardLane": null,
        "System.Tags": null,
        "Microsoft.VSTS.TCM.Steps": null,
        "Microsoft.VSTS.TCM.Parameters": null,
        "Microsoft.VSTS.TCM.LocalDataSource": null,
        "Microsoft.VSTS.TCM.AutomationStatus": null,
        "System.History": null
      },
      "relations": [
        {
          "rel": "System.LinkTypes.Hierarchy-Forward",
          "url": "https://dev.azure.com/bfrank0815/_apis/wit/workItems/143",
          "attributes": {
            "isLocked": "false",
            "name": "Child"
          }
        },
        {
          "rel": "System.LinkTypes.Hierarchy-Reverse",
          "url": "https://dev.azure.com/bfrank0815/_apis/wit/workItems/130",
          "attributes": {
            "isLocked": "false",
            "name": "Parent"
          }
        },
        {
          "rel": "System.LinkTypes.Hierarchy-Forward",
          "url": "https://dev.azure.com/bfrank0815/_apis/wit/workItems/157",
          "attributes": {
            "isLocked": "false",
            "name": "Child"
          }
        }
      ],
      "url": "https://dev.azure.com/bfrank0815/_apis/wit/workItems/139"
    },
    {
      "id": 141,
      "rev": 5,
      "fields": {
        "System.AreaPath": "AVD Proof of Concept for Contoso",
        "System.TeamProject": "AVD Proof of Concept for Contoso",
        "System.IterationPath": "AVD Proof of Concept for Contoso",
        "System.WorkItemType": "Feature",
        "System.State": "New",
        "System.Reason": "New",
        "System.CreatedDate": "2021-04-06T07:24:41.333Z",
        "System.CreatedBy": "Bernhard Frank <bfrank@microsoft.com>",
        "System.ChangedDate": "2021-08-11T07:48:01.08Z",
        "System.ChangedBy": "Bernhard Frank <bfrank@microsoft.com>",
        "System.Title": "Closing discussion / check against definition of done.",
        "Microsoft.VSTS.Scheduling.Effort": 0.0,
        "System.Description": "<div>Summarize the outcomes of the PoC:</div><div>Are there open questions?</div><div>Do ratings (achieved, exceeded, failed) because of....</div><div><br></div>",
        "System.AssignedTo": null,
        "Microsoft.VSTS.Scheduling.RemainingWork": 0.0,
        "Microsoft.VSTS.Common.Priority": 2.0,
        "System.BoardLane": null,
        "System.Tags": null,
        "Microsoft.VSTS.TCM.Steps": null,
        "Microsoft.VSTS.TCM.Parameters": null,
        "Microsoft.VSTS.TCM.LocalDataSource": null,
        "Microsoft.VSTS.TCM.AutomationStatus": null,
        "System.History": null
      },
      "relations": [
        {
          "rel": "System.LinkTypes.Hierarchy-Reverse",
          "url": "https://dev.azure.com/bfrank0815/_apis/wit/workItems/140",
          "attributes": {
            "isLocked": "false",
            "name": "Parent"
          }
        }
      ],
      "url": "https://dev.azure.com/bfrank0815/_apis/wit/workItems/141"
    },
    {
      "id": 142,
      "rev": 7,
      "fields": {
        "System.AreaPath": "AVD Proof of Concept for Contoso",
        "System.TeamProject": "AVD Proof of Concept for Contoso",
        "System.IterationPath": "AVD Proof of Concept for Contoso",
        "System.WorkItemType": "Feature",
        "System.State": "New",
        "System.Reason": "New",
        "System.CreatedDate": "2021-04-06T07:24:52.683Z",
        "System.CreatedBy": "Bernhard Frank <bfrank@microsoft.com>",
        "System.ChangedDate": "2021-08-11T07:48:03.517Z",
        "System.ChangedBy": "Bernhard Frank <bfrank@microsoft.com>",
        "System.Title": "Next Steps + Documentation",
        "Microsoft.VSTS.Scheduling.Effort": 0.0,
        "System.Description": "<div>What will be the next steps with the customer.</div>",
        "System.AssignedTo": null,
        "Microsoft.VSTS.Scheduling.RemainingWork": 0.0,
        "Microsoft.VSTS.Common.Priority": 2.0,
        "System.BoardLane": null,
        "System.Tags": null,
        "Microsoft.VSTS.TCM.Steps": null,
        "Microsoft.VSTS.TCM.Parameters": null,
        "Microsoft.VSTS.TCM.LocalDataSource": null,
        "Microsoft.VSTS.TCM.AutomationStatus": null,
        "System.History": null
      },
      "relations": [
        {
          "rel": "System.LinkTypes.Hierarchy-Forward",
          "url": "https://dev.azure.com/bfrank0815/_apis/wit/workItems/161",
          "attributes": {
            "isLocked": "false",
            "name": "Child"
          }
        },
        {
          "rel": "System.LinkTypes.Hierarchy-Reverse",
          "url": "https://dev.azure.com/bfrank0815/_apis/wit/workItems/140",
          "attributes": {
            "isLocked": "false",
            "name": "Parent"
          }
        }
      ],
      "url": "https://dev.azure.com/bfrank0815/_apis/wit/workItems/142"
    },
    {
      "id": 602,
      "rev": 4,
      "fields": {
        "System.AreaPath": "AVD Proof of Concept for Contoso",
        "System.TeamProject": "AVD Proof of Concept for Contoso",
        "System.IterationPath": "AVD Proof of Concept for Contoso",
        "System.WorkItemType": "Feature",
        "System.State": "New",
        "System.Reason": "New",
        "System.CreatedDate": "2021-06-21T08:16:03.75Z",
        "System.CreatedBy": "Bernhard Frank <bfrank@microsoft.com>",
        "System.ChangedDate": "2021-08-11T07:47:58.663Z",
        "System.ChangedBy": "Bernhard Frank <bfrank@microsoft.com>",
        "System.Title": "Prepare Closing of PoC",
        "Microsoft.VSTS.Scheduling.Effort": 0.0,
        "System.Description": null,
        "System.AssignedTo": null,
        "Microsoft.VSTS.Scheduling.RemainingWork": 0.0,
        "Microsoft.VSTS.Common.Priority": 2.0,
        "System.BoardLane": null,
        "System.Tags": null,
        "Microsoft.VSTS.TCM.Steps": null,
        "Microsoft.VSTS.TCM.Parameters": null,
        "Microsoft.VSTS.TCM.LocalDataSource": null,
        "Microsoft.VSTS.TCM.AutomationStatus": null,
        "System.History": null
      },
      "relations": [
        {
          "rel": "System.LinkTypes.Hierarchy-Reverse",
          "url": "https://dev.azure.com/bfrank0815/_apis/wit/workItems/140",
          "attributes": {
            "isLocked": "false",
            "name": "Parent"
          }
        },
        {
          "rel": "System.LinkTypes.Hierarchy-Forward",
          "url": "https://dev.azure.com/bfrank0815/_apis/wit/workItems/603",
          "attributes": {
            "isLocked": "false",
            "name": "Child"
          }
        }
      ],
      "url": "https://dev.azure.com/bfrank0815/_apis/wit/workItems/602"
    },
    {
      "id": 605,
      "rev": 6,
      "fields": {
        "System.AreaPath": "AVD Proof of Concept for Contoso",
        "System.TeamProject": "AVD Proof of Concept for Contoso",
        "System.IterationPath": "AVD Proof of Concept for Contoso",
        "System.WorkItemType": "Feature",
        "System.State": "New",
        "System.Reason": "New",
        "System.CreatedDate": "2021-06-21T08:25:17.543Z",
        "System.CreatedBy": "Niels Ophey <niophey@microsoft.com>",
        "System.ChangedDate": "2021-08-10T10:38:33.05Z",
        "System.ChangedBy": "Bernhard Frank <bfrank@microsoft.com>",
        "System.Title": "Implement the AVD Governance",
        "Microsoft.VSTS.Scheduling.Effort": 0.0,
        "System.Description": "<div><span style=\"display:inline !important;\">Governance creates guardrails that keep the company on a safe path throughout the journey. Governance guides that describe the experiences of fictional companies that are based on the experiences of real customers. Governance is an iterative process. For organizations with existing policies that govern on-premises IT environments, governance should complement those policies. The level of corporate policy integration between on-premises and the cloud varies depending on governance maturity and a digital estate in the cloud.</span><br></div>",
        "System.AssignedTo": null,
        "Microsoft.VSTS.Scheduling.RemainingWork": 0.0,
        "Microsoft.VSTS.Common.Priority": 2.0,
        "System.BoardLane": null,
        "System.Tags": "Govern",
        "Microsoft.VSTS.TCM.Steps": null,
        "Microsoft.VSTS.TCM.Parameters": null,
        "Microsoft.VSTS.TCM.LocalDataSource": null,
        "Microsoft.VSTS.TCM.AutomationStatus": null,
        "System.History": null
      },
      "relations": [
        {
          "rel": "System.LinkTypes.Hierarchy-Forward",
          "url": "https://dev.azure.com/bfrank0815/_apis/wit/workItems/612",
          "attributes": {
            "isLocked": "false",
            "name": "Child"
          }
        },
        {
          "rel": "System.LinkTypes.Hierarchy-Forward",
          "url": "https://dev.azure.com/bfrank0815/_apis/wit/workItems/606",
          "attributes": {
            "isLocked": "false",
            "name": "Child"
          }
        },
        {
          "rel": "System.LinkTypes.Hierarchy-Reverse",
          "url": "https://dev.azure.com/bfrank0815/_apis/wit/workItems/133",
          "attributes": {
            "isLocked": "false",
            "name": "Parent"
          }
        },
        {
          "rel": "System.LinkTypes.Hierarchy-Forward",
          "url": "https://dev.azure.com/bfrank0815/_apis/wit/workItems/611",
          "attributes": {
            "isLocked": "false",
            "name": "Child"
          }
        },
        {
          "rel": "System.LinkTypes.Hierarchy-Forward",
          "url": "https://dev.azure.com/bfrank0815/_apis/wit/workItems/610",
          "attributes": {
            "isLocked": "false",
            "name": "Child"
          }
        },
        {
          "rel": "System.LinkTypes.Hierarchy-Forward",
          "url": "https://dev.azure.com/bfrank0815/_apis/wit/workItems/613",
          "attributes": {
            "isLocked": "false",
            "name": "Child"
          }
        }
      ],
      "url": "https://dev.azure.com/bfrank0815/_apis/wit/workItems/605"
    },
    {
      "id": 615,
      "rev": 7,
      "fields": {
        "System.AreaPath": "AVD Proof of Concept for Contoso",
        "System.TeamProject": "AVD Proof of Concept for Contoso",
        "System.IterationPath": "AVD Proof of Concept for Contoso",
        "System.WorkItemType": "Feature",
        "System.State": "New",
        "System.Reason": "New",
        "System.CreatedDate": "2021-06-21T09:02:02.39Z",
        "System.CreatedBy": "Bernhard Frank <bfrank@microsoft.com>",
        "System.ChangedDate": "2021-08-10T10:40:17.01Z",
        "System.ChangedBy": "Bernhard Frank <bfrank@microsoft.com>",
        "System.Title": "Inventory and visibility",
        "Microsoft.VSTS.Scheduling.Effort": 0.0,
        "System.Description": "<div><span>Establish a defined inventory of assets.&nbsp;</span><span>Develop visibility into the asset telemetry</span><br></div><div><span><a href=\"https://docs.microsoft.com/en-us/azure/cloud-adoption-framework/manage/considerations/inventory\">https://docs.microsoft.com/en-us/azure/cloud-adoption-framework/manage/considerations/inventory</a><br></span></div>",
        "System.AssignedTo": null,
        "Microsoft.VSTS.Scheduling.RemainingWork": 0.0,
        "Microsoft.VSTS.Common.Priority": 2.0,
        "System.BoardLane": null,
        "System.Tags": "Manage",
        "Microsoft.VSTS.TCM.Steps": null,
        "Microsoft.VSTS.TCM.Parameters": null,
        "Microsoft.VSTS.TCM.LocalDataSource": null,
        "Microsoft.VSTS.TCM.AutomationStatus": null,
        "System.History": null
      },
      "relations": [
        {
          "rel": "System.LinkTypes.Hierarchy-Reverse",
          "url": "https://dev.azure.com/bfrank0815/_apis/wit/workItems/134",
          "attributes": {
            "isLocked": "false",
            "name": "Parent"
          }
        },
        {
          "rel": "System.LinkTypes.Hierarchy-Forward",
          "url": "https://dev.azure.com/bfrank0815/_apis/wit/workItems/162",
          "attributes": {
            "isLocked": "false",
            "name": "Child"
          }
        }
      ],
      "url": "https://dev.azure.com/bfrank0815/_apis/wit/workItems/615"
    },
    {
      "id": 616,
      "rev": 7,
      "fields": {
        "System.AreaPath": "AVD Proof of Concept for Contoso",
        "System.TeamProject": "AVD Proof of Concept for Contoso",
        "System.IterationPath": "AVD Proof of Concept for Contoso",
        "System.WorkItemType": "Feature",
        "System.State": "New",
        "System.Reason": "New",
        "System.CreatedDate": "2021-06-21T09:04:40.297Z",
        "System.CreatedBy": "Bernhard Frank <bfrank@microsoft.com>",
        "System.ChangedDate": "2021-08-10T10:40:23.18Z",
        "System.ChangedBy": "Bernhard Frank <bfrank@microsoft.com>",
        "System.Title": "Operational compliance.",
        "Microsoft.VSTS.Scheduling.Effort": 0.0,
        "System.Description": "<div><span style=\"\">Manage configuration drift and standards. Apply management automation and controls</span><br></div>",
        "System.AssignedTo": null,
        "Microsoft.VSTS.Scheduling.RemainingWork": 0.0,
        "Microsoft.VSTS.Common.Priority": 2.0,
        "System.BoardLane": null,
        "System.Tags": "Manage",
        "Microsoft.VSTS.TCM.Steps": null,
        "Microsoft.VSTS.TCM.Parameters": null,
        "Microsoft.VSTS.TCM.LocalDataSource": null,
        "Microsoft.VSTS.TCM.AutomationStatus": null,
        "System.History": null
      },
      "relations": [
        {
          "rel": "System.LinkTypes.Hierarchy-Forward",
          "url": "https://dev.azure.com/bfrank0815/_apis/wit/workItems/620",
          "attributes": {
            "isLocked": "false",
            "name": "Child"
          }
        },
        {
          "rel": "System.LinkTypes.Hierarchy-Reverse",
          "url": "https://dev.azure.com/bfrank0815/_apis/wit/workItems/134",
          "attributes": {
            "isLocked": "false",
            "name": "Parent"
          }
        }
      ],
      "url": "https://dev.azure.com/bfrank0815/_apis/wit/workItems/616"
    },
    {
      "id": 617,
      "rev": 6,
      "fields": {
        "System.AreaPath": "AVD Proof of Concept for Contoso",
        "System.TeamProject": "AVD Proof of Concept for Contoso",
        "System.IterationPath": "AVD Proof of Concept for Contoso",
        "System.WorkItemType": "Feature",
        "System.State": "New",
        "System.Reason": "New",
        "System.CreatedDate": "2021-06-21T09:06:16.47Z",
        "System.CreatedBy": "Bernhard Frank <bfrank@microsoft.com>",
        "System.ChangedDate": "2021-08-10T10:40:54.157Z",
        "System.ChangedBy": "Bernhard Frank <bfrank@microsoft.com>",
        "System.Title": "Protect and recover",
        "Microsoft.VSTS.Scheduling.Effort": 0.0,
        "System.Description": "<div>Implements solutions to minimize performance interruptions and ensure rapid recovery when needed<br></div>",
        "System.AssignedTo": null,
        "Microsoft.VSTS.Scheduling.RemainingWork": 0.0,
        "Microsoft.VSTS.Common.Priority": 2.0,
        "System.BoardLane": null,
        "System.Tags": "Manage",
        "Microsoft.VSTS.TCM.Steps": null,
        "Microsoft.VSTS.TCM.Parameters": null,
        "Microsoft.VSTS.TCM.LocalDataSource": null,
        "Microsoft.VSTS.TCM.AutomationStatus": null,
        "System.History": null
      },
      "relations": [
        {
          "rel": "System.LinkTypes.Hierarchy-Reverse",
          "url": "https://dev.azure.com/bfrank0815/_apis/wit/workItems/134",
          "attributes": {
            "isLocked": "false",
            "name": "Parent"
          }
        },
        {
          "rel": "System.LinkTypes.Hierarchy-Forward",
          "url": "https://dev.azure.com/bfrank0815/_apis/wit/workItems/105",
          "attributes": {
            "isLocked": "false",
            "name": "Child"
          }
        }
      ],
      "url": "https://dev.azure.com/bfrank0815/_apis/wit/workItems/617"
    },
    {
      "id": 618,
      "rev": 7,
      "fields": {
        "System.AreaPath": "AVD Proof of Concept for Contoso",
        "System.TeamProject": "AVD Proof of Concept for Contoso",
        "System.IterationPath": "AVD Proof of Concept for Contoso",
        "System.WorkItemType": "Feature",
        "System.State": "New",
        "System.Reason": "New",
        "System.CreatedDate": "2021-06-21T09:07:09.71Z",
        "System.CreatedBy": "Bernhard Frank <bfrank@microsoft.com>",
        "System.ChangedDate": "2021-08-10T10:40:59.943Z",
        "System.ChangedBy": "Bernhard Frank <bfrank@microsoft.com>",
        "System.Title": "Platform operations",
        "Microsoft.VSTS.Scheduling.Effort": 0.0,
        "System.Description": "<div>Customize operations to improve performance of the common platforms that support multiple workloads.<br></div><div><a href=\"https://docs.microsoft.com/en-us/azure/cloud-adoption-framework/manage/considerations/platform\">Platform operations in cloud management - Cloud Adoption Framework | Microsoft Docs</a><br></div>",
        "System.AssignedTo": null,
        "Microsoft.VSTS.Scheduling.RemainingWork": 0.0,
        "Microsoft.VSTS.Common.Priority": 2.0,
        "System.BoardLane": null,
        "System.Tags": "Manage",
        "Microsoft.VSTS.TCM.Steps": null,
        "Microsoft.VSTS.TCM.Parameters": null,
        "Microsoft.VSTS.TCM.LocalDataSource": null,
        "Microsoft.VSTS.TCM.AutomationStatus": null,
        "System.History": null
      },
      "relations": [
        {
          "rel": "System.LinkTypes.Hierarchy-Reverse",
          "url": "https://dev.azure.com/bfrank0815/_apis/wit/workItems/134",
          "attributes": {
            "isLocked": "false",
            "name": "Parent"
          }
        }
      ],
      "url": "https://dev.azure.com/bfrank0815/_apis/wit/workItems/618"
    },
    {
      "id": 619,
      "rev": 6,
      "fields": {
        "System.AreaPath": "AVD Proof of Concept for Contoso",
        "System.TeamProject": "AVD Proof of Concept for Contoso",
        "System.IterationPath": "AVD Proof of Concept for Contoso",
        "System.WorkItemType": "Feature",
        "System.State": "New",
        "System.Reason": "New",
        "System.CreatedDate": "2021-06-21T09:07:26Z",
        "System.CreatedBy": "Bernhard Frank <bfrank@microsoft.com>",
        "System.ChangedDate": "2021-08-10T10:41:13.743Z",
        "System.ChangedBy": "Bernhard Frank <bfrank@microsoft.com>",
        "System.Title": "Workload operations",
        "Microsoft.VSTS.Scheduling.Effort": 0.0,
        "System.Description": "<div>Understand workload telemetry and align workloads operations to performance and reliability commitments<br></div><div><a href=\"https://docs.microsoft.com/en-us/azure/cloud-adoption-framework/manage/considerations/workload\">Workload operations in cloud management - Cloud Adoption Framework | Microsoft Docs</a><br></div>",
        "System.AssignedTo": null,
        "Microsoft.VSTS.Scheduling.RemainingWork": 0.0,
        "Microsoft.VSTS.Common.Priority": 2.0,
        "System.BoardLane": null,
        "System.Tags": "Manage",
        "Microsoft.VSTS.TCM.Steps": null,
        "Microsoft.VSTS.TCM.Parameters": null,
        "Microsoft.VSTS.TCM.LocalDataSource": null,
        "Microsoft.VSTS.TCM.AutomationStatus": null,
        "System.History": null
      },
      "relations": [
        {
          "rel": "System.LinkTypes.Hierarchy-Forward",
          "url": "https://dev.azure.com/bfrank0815/_apis/wit/workItems/109",
          "attributes": {
            "isLocked": "false",
            "name": "Child"
          }
        },
        {
          "rel": "System.LinkTypes.Hierarchy-Forward",
          "url": "https://dev.azure.com/bfrank0815/_apis/wit/workItems/512",
          "attributes": {
            "isLocked": "false",
            "name": "Child"
          }
        },
        {
          "rel": "System.LinkTypes.Hierarchy-Forward",
          "url": "https://dev.azure.com/bfrank0815/_apis/wit/workItems/507",
          "attributes": {
            "isLocked": "false",
            "name": "Child"
          }
        },
        {
          "rel": "System.LinkTypes.Hierarchy-Forward",
          "url": "https://dev.azure.com/bfrank0815/_apis/wit/workItems/102",
          "attributes": {
            "isLocked": "false",
            "name": "Child"
          }
        },
        {
          "rel": "System.LinkTypes.Hierarchy-Forward",
          "url": "https://dev.azure.com/bfrank0815/_apis/wit/workItems/103",
          "attributes": {
            "isLocked": "false",
            "name": "Child"
          }
        },
        {
          "rel": "System.LinkTypes.Hierarchy-Forward",
          "url": "https://dev.azure.com/bfrank0815/_apis/wit/workItems/651",
          "attributes": {
            "isLocked": "false",
            "name": "Child"
          }
        },
        {
          "rel": "System.LinkTypes.Hierarchy-Forward",
          "url": "https://dev.azure.com/bfrank0815/_apis/wit/workItems/626",
          "attributes": {
            "isLocked": "false",
            "name": "Child"
          }
        },
        {
          "rel": "System.LinkTypes.Hierarchy-Reverse",
          "url": "https://dev.azure.com/bfrank0815/_apis/wit/workItems/134",
          "attributes": {
            "isLocked": "false",
            "name": "Parent"
          }
        }
      ],
      "url": "https://dev.azure.com/bfrank0815/_apis/wit/workItems/619"
    }
  ],
  "HttpStatusCode": 0,
  "Message": null
}