{
  "triggers": [],
  "properties": {},
  "tags": [],
  "_links": "{}",
  "jobAuthorizationScope": "projectCollection",
  "jobTimeoutInMinutes": 60,
  "jobCancelTimeoutInMinutes": 5,
  "process": {
    "yamlFilename": "pipelines/image/aib.yml",
    "type": 2
  },
  "repository": {
    "properties": {
      "cloneUrl": "https://$Organization$@dev.azure.com/$Organization$/$ProjectName$/_git/AVD%20Proof%20of%20Concept%20for%20Contoso",
      "fullName": "WVD Proof of Concept for Contoso",
      "defaultBranch": "refs/heads/master",
      "isFork": "False",
      "safeRepository": "$AVD Proof of Concept for Contoso$",
      "reportBuildStatus": "true"
    },
    "id": "$AVD Proof of Concept for Contoso$",
    "type": "TfsGit",
    "name": "AVD Proof of Concept for Contoso",
    "url": "https://$Organization$@dev.azure.com/$Organization$/$ProjectName$/_git/AVD%20Proof%20of%20Concept%20for%20Contoso",
    "defaultBranch": "refs/heads/master",
    "clean": null,
    "checkoutSubmodules": false
  },
  "quality": "definition",
  "authoredBy": "{}",
  "drafts": [],
  "queue": {
    "_links": {
      "self": {
        "href": "https://dev.azure.com/$Organization$/_apis/build/Queues/$Hosted Ubuntu 1604$"
      }
    },
    "id": "$Hosted Ubuntu 1604$",
    "name": "Hosted Ubuntu 1604",
    "url": "https://dev.azure.com/$Organization$/_apis/build/Queues/$Hosted Ubuntu 1604$",
    "pool": {
      "id": "",
      "name": "Hosted Ubuntu 1604",
      "isHosted": true
    }
  },
  "id": "",
  "name": "4.0_Create Basic VM Image With Azure Image Builder (AIB) pipeline",
  "url": "",
  "uri": "",
  "path": "\\",
  "type": "build",
  "queueStatus": "enabled",
  "revision": 5,
  "createdDate": "",
  "project": "{}"
}